,municipal,%_single_family,pop_2010,%nhwhi_2010,%bipoc_2010,%pop_u18,%pop_65o,%incu10,%in200o,income,%_compliant_zoning,city_size,parcel_year_built,total_value_psf,land_value_psf,floor_area_ratio,max_building_floors,max_floor_area_ratio,%_far_compliant_zoning
0,Acton,3.395190449606547,6.994849985833071,-0.6266627994825785,-3.5608627813479248,-1.06260479838506,-2.399730135698481,-7.497207223203318,-1.155085804482166,4.8114661693337695,96.591,20.050045875337833,1964.4847746650426,3.3031081950692402,2.271830752339814,0.1574041877248485,0.0,0.00867731244350708,0.13513106357336546
1,Arlington,66.83652562199937,6.483107351457199,-0.10978756188018605,-2.9865997899907186,-1.4592268306109224,-1.9398125691871948,-3.8058391056151146,-2.2496457076998264,4.7081501850176375,97.824,18.52697076467634,1936.249370488501,5.052825632442621,4.237217671797313,0.38094141579077295,2.5729856289358954,0.278943968997255,0.4942677216211852
2,Ashland,85.06239651521128,6.472346294500901,-0.1957028051592562,-2.808784648371254,-1.3603585061443573,-2.7346766762175325,-3.991626056027113,-1.6162458055963773,4.824033842711016,95.769,19.612020083670334,1969.561590688652,3.2305425263164973,2.379616971916357,0.060200675471488156,0.0,0.04057428214731586,0.016229712858926344
3,Bedford,0.0,6.775366090936392,-0.2503364330929293,-2.750014400201242,-1.3954687373959318,-2.056867219641297,-4.268297869345538,-0.8472978603872037,4.965683548157512,96.526,19.685240698241135,1963.4307853953244,3.533860902607913,2.8817845140232743,0.09901569631745484,3.0,0.008634401272438082,0.0949784139968189
4,Bellingham,0.0,6.405228458030842,-0.07907898487574234,-4.007333185232471,-1.4423838277709342,-1.8305174795274588,-3.77138067562568,-1.927661467466914,4.78637745091443,94.797,19.97436788324775,1966.79784466741,2.9874711421978146,1.959566563237021,0.0910343950729018,0.2401250822909809,0.0,0.09940750493745885
5,Belmont,75.01661803369505,5.44673737166631,-0.14343246360723416,-4.7535901911063645,-1.3196029866212184,-1.3358635074929988,-3.213734425367782,-1.1027445259530202,4.847492082420255,96.313,18.52211453246936,1933.9240986717268,5.196856200465451,4.649038106925555,0.2140019338810296,0.0,0.0,0.004544163589889236
6,Beverly,28.567984828415803,6.6240652277998935,-0.0323914957912354,-4.226169955001523,-1.593627306407458,-1.7798781413413023,-3.3213034724413895,-2.1371690103351177,4.817059579784037,96.392,19.744610810513933,1936.9763580073177,4.235637594995463,3.457851662973103,0.24489956534136587,0.0,0.015440468900358674,0.07269705187647625
7,Bolton,100.0,5.135798437050262,-0.060624621816434854,-3.1898882879949486,-1.1845547184688343,-2.245426679154097,-4.477336814478207,-0.9456429438866826,4.941623955900163,95.778,20.08497342932205,1973.8820598006644,1.9730990743473968,0.8015329301152812,0.020246449442569044,0.0,0.0,0.0
8,Boston,0.0,7.222566018822171,-0.3788160698159459,-1.5771191211789328,-1.8334942890056698,-1.4763628282820174,-2.0007685096073597,-2.502860453404596,4.249513312893209,94.667,20.917113625163275,1924.2521408066948,6.010276051887463,4.4866215678725245,0.268263348846261,2.3339911979820793,1.0053500226910534,0.9229137423351732
9,Boxborough,0.0,5.91350300563827,-0.16093036681263712,-3.20545280453606,-1.213022639845854,-2.1999309389339623,-3.938664936374567,-1.3775691482290207,4.84851761420978,91.205,19.40494481960097,1977.3569811320754,2.6580008132007586,1.5523362494382826,0.04739037345121032,2.965391621129326,0.004796599878567092,0.20461445051608987
10,Braintree,0.0,6.829793737512425,-0.12170965365935582,-3.2462747990563154,-1.8393611507336889,-1.593351774682476,-3.842609877578632,-1.9753428558424317,4.717015312852563,88.425,19.648150547532012,1943.0079112298367,3.9919170312575436,3.24672854117874,0.1815861137280176,0.0045762227095051955,0.0,0.06940604442749547
11,Brookline,69.4747089270653,6.680854678790215,-0.24630816000276187,-3.0699367661459904,-1.6374295618709684,-1.852540941487914,-3.6867495278561115,-1.279229541683531,4.892415801372859,96.62,18.88966643251698,1923.7797054418372,5.835351949609521,4.690947551759271,0.18129219959850998,0.0,0.7589693757361601,0.9270906949352179
12,Burlington,0.0,0.0,0.0,0.0,0.0,0.0,-2.2047717829716023,-1.9199346626520526,4.596854653631534,95.305,19.480043858071454,1967.0306213017752,3.5459808539330258,2.850649460330009,0.10908215082336323,0.0,0.006137084540063439,0.07378292649289753
13,Cambridge,0.0,6.025865973825314,-0.29576619085173994,-2.074622255243887,-2.1138429683971682,-0.8783714970118613,-2.793208009442517,-1.7015643900905006,4.608198800720399,97.324,18.82809277692277,1909.3750611246944,6.442151443545776,5.464472555276014,1.6144001252885054,0.015522875816993464,0.6868347338935574,0.13196389666977903
14,Canton,0.0,6.20050917404269,-0.28700616840441995,-1.9378292970013746,-1.1700712526502546,-2.026121904147053,-2.5952547069568657,-1.3078061804736076,4.746783397583583,92.07,20.02413228082349,1958.477053541736,3.6372115129621663,2.885435928309998,0.13155795307126475,0.0,0.0,0.00015165301789505612
15,Carlisle,0.0,5.942799375126701,-0.09636060006897669,-3.863357833446865,-1.442989704796436,-1.8652619312209815,-3.909915523088581,-0.8554179403083387,4.969387889378811,98.084,19.82709641787954,1968.8507462686566,2.081651846316853,1.3429413407123938,0.029439081146231724,0.0,0.0,0.1497005988023952
16,Chelsea,0.0,0.0,0.0,0.0,0.0,0.0,-2.4756042571256867,-1.8634261390994087,4.28035261557147,97.847,17.685545553163497,1916.812800404756,5.863165568368122,3.8854226630095634,1.2377114271112883,3.3114789337919173,0.11543422184006878,0.16573516766981944
17,Cohasset,0.0,6.522092798170152,-0.05129329438755058,-3.7495040759303713,-1.1330210683536515,-2.1400661634962708,-6.639875833826536,-1.5218820214097808,4.580221486945462,94.873,19.376568054141845,1943.8617424242425,3.5730575829089446,2.8613517069866052,0.11405514296604727,0.0,0.0,0.12710765239948119
18,Concord,0.0,5.973809611869261,-0.08216540004349016,-3.488902962081261,-1.3009807774073552,-1.7111297348279457,-5.602118820879701,-0.8314341964140362,4.905549089234279,98.212,20.31661849479178,1951.8855923986814,3.912476801349097,3.1404071625191694,0.20672738400582819,0.0,0.22004113195129973,0.5875287923659098
19,Danvers,0.0,4.564348191467836,-0.02105340919783238,-3.871201010907891,-1.9252908618525775,-0.6523251860396901,-4.204070535389567,-1.8849561404443107,4.5642930581505965,92.103,19.56290507119763,1947.0031077835852,3.6435661353325375,3.0221635258820454,0.16460867712231686,0.0,0.0,0.04693140794223827
20,Dedham,0.0,4.787491742782046,-0.06899287148695143,-2.70805020110221,-1.529395204760564,-1.491654876777717,-4.544261432901099,-1.289667525430819,4.755139713647046,98.67,19.327894759575457,1940.5289267015708,4.1186629255187945,3.343589142805013,0.3621007639518771,0.0,1.5746656587975343,0.8485870450052332
21,Dover,100.0,4.04305126783455,-0.05406722127027582,-3.349904087274605,-1.55814461804655,-1.6451559950361796,-3.9174627287239643,-0.44324021204691894,5.100578660870448,98.118,19.86209444715112,1967.3275774504825,2.940477121660935,2.1959909732650225,0.09174141385771496,0.0,0.0,0.20326823435631725
22,Duxbury,100.0,6.363028103540465,-0.01914766941413408,-4.4171179544851515,-1.153541950699044,-2.0589630103362953,-3.054394186202577,-1.3726356121888506,4.897700232096835,93.709,20.237399015583144,1955.6089833567275,3.5069391709492215,3.0109125152288527,0.14829532528623834,0.04,0.02,0.022755555555555557
23,Essex,0.14895095314501067,6.028278520230698,-0.02934195828401532,-3.7256934272366524,-1.5174190137138484,-2.0964528875063726,-2.370978533922062,-1.2428438059876308,4.7376900377658675,45.959,19.720093989610668,1957.2997658079626,2.139163626344389,1.5390605551165024,0.024891444183769255,2.4959100204498976,0.00020449897750511248,0.5071574642126789
24,Everett,0.0,0.0,0.0,0.0,0.0,0.0,-2.5877640352277083,-3.0520696433588057,4.336798666730262,89.931,18.37249636732133,1914.5066981875493,5.016597860205109,3.8962155717317404,0.8940170322257394,0.0,0.040807107363348895,0.03734377352808312
25,Foxborough,92.78636918764013,6.54534966033442,-0.06071442469916773,-3.454307206976104,-1.4154509454113462,-2.0344901538175697,-4.32452214019369,-2.1537891783044474,4.58021911450382,95.693,20.078492906939353,1963.620368495647,3.0422470585085604,2.1855515303986373,0.17943230160029727,2.5,0.0,0.007694998251136761
26,Framingham,86.35750012364471,6.546785410760524,-0.15822400521489416,-2.833213344056216,-1.5631787890521873,-1.7184716734582226,-2.5680525407120527,-1.7426373915743567,4.621839394019365,95.375,20.21579274387962,1953.5123519032013,3.5890933393678934,2.652967277880007,,2.9993073593073594,0.025627705627705628,0.0
27,Franklin,0.0,7.1891677384203225,-0.09244635992556238,-3.7551805339351763,-1.0070828317036908,-3.1638160476851733,-6.70196036600254,-0.6956072064008076,5.0539830016054665,95.296,20.3566450387513,1969.2450842696628,3.15815476648427,2.422532588245941,0.0875296102502797,3.0,0.0,0.09865611001145953
28,Gloucester,3.344654744593455,6.75110146893676,-0.03936107388058031,-4.26619481914876,-1.639113680580217,-1.899071205017143,-3.710270644095254,-1.9552125417176267,4.67436533509175,98.662,20.357129230474122,1937.9316179415298,4.2125966517543425,3.1999554184081487,0.34729768340372763,0.03608736942070275,0.0,0.2037037037037037
29,Hamilton,0.0,5.537334267018537,-0.04839654086185021,-4.438721978350427,-1.3629469971228996,-2.359280436670591,-1.6276202315172907,-1.0206507471983979,4.771800687478536,99.057,19.784635605232644,1950.0903092783506,3.3162212349389097,2.527998848126795,0.09533372072684812,3.0,0.0,0.11659034871433603
30,Hanover,100.0,6.520621127558696,-0.02233897808226231,-4.728861658330641,-1.252762968495368,-2.189887787272365,-3.6749903419532695,-1.1729892588059687,4.88408692074296,97.733,19.820651282116273,1961.8262174013385,2.8593332113274808,1.9691516407217675,0.10662606016669922,3.0,0.0,0.08509303784235835
31,Hingham,0.0,5.831882477283517,-0.04192230638626336,-3.529297384289471,-1.3775351810300092,-1.672999393923845,-2.507886199860944,-1.4522912962765249,4.630594656379799,98.556,20.188621157582848,1940.6816686602872,4.006800942524384,3.348669623616805,0.23974392443930814,2.5120431893687707,0.0,0.003875968992248062
32,Holbrook,0.0,6.728628613084702,-0.17754827804129691,-2.164280421616865,-1.4056186339462935,-2.0557997786227955,-6.028278520230698,-2.0964528875063726,4.660666591437606,90.348,19.07121891038115,1952.6038617253191,3.259178248001436,2.5736923786090857,0.10410771040794896,2.505079658277534,0.0,0.25398291387670285
33,Holliston,0.0,4.605170185988092,-0.13926206733350766,-2.8134107167600364,-1.3093333199837622,-1.9661128563728327,-3.3037420455114423,-1.1849081021209458,4.856097621598774,94.9,20.03103322022691,1959.5073451139026,2.840320836841026,2.1840784609577204,0.07472109570493553,2.5144796380090497,0.02398190045248869,0.012669683257918552
34,Hopkinton,100.0,6.206575926724928,-0.34010786979163077,-3.2108436531709366,-0.9862201016466027,-3.3733625826687117,-3.763058852288188,-0.9657775174580351,4.96315004024269,98.181,20.407155265892996,1969.6986415882968,2.9675922571178557,2.017369936177929,0.11921165008441338,0.0,0.0,0.17095336076817558
35,Hudson,0.0,4.6913478822291435,-0.04695698308777098,-3.9982007016691985,-1.7469089030627032,-1.1649873576129823,-3.92395157629342,-1.7606285506328818,4.71500089345398,98.342,19.5079368537872,1953.1470805617148,3.404268177924054,2.3337807716005683,0.2272903779326899,0.0824602906387293,0.0,0.07654613044947617
36,Hull,81.28142644756288,6.075346031088684,-0.049480057263369695,-3.8781214537524646,-1.8558383259125775,-1.8126661540473685,-3.054765805138184,-2.599510032527004,4.448978341988975,97.483,17.983883684174337,1932.8781362007169,4.4069866918942635,3.649364416825877,0.29536930073804246,3.0519949066213923,0.0,0.09783531409168081
37,Ipswich,0.0,6.059123195581797,-0.04296603588344325,-5.365976015021851,-1.2799997024702674,-2.0701391490175225,-3.5503667311392095,-1.873676591695942,4.414198827286467,93.414,20.600035451415934,1945.5110152168975,3.885294314952363,2.9176123447658995,0.15515928550182265,2.8677168343139114,0.0,0.13114442968305182
38,Lexington,0.0,6.336825731146441,-0.25460682076999486,-3.158771900798495,-1.1438688802562307,-2.366533817594319,-3.418507019197247,-0.9496007107556879,4.876151066716461,88.434,19.804781687294433,1958.3005307855626,4.460919788147755,3.8103473895713083,0.3084524852214288,0.0,0.0,0.06216189633126783
39,Lincoln,97.49190363342778,6.180016653652572,-0.07969770163250857,-5.486869473092628,-1.8625285401162623,-0.9070170950888259,-3.023981174942371,-1.2645746701660816,4.733486500971291,98.688,19.806957883611222,1953.825637910085,2.8194159450768823,2.2402307446194114,0.03818437236773348,2.5024038461538463,0.0,0.270541958041958
40,Littleton,0.0,5.247024072160486,-0.026668247082161294,-4.553876891600541,-1.221672381425337,-2.0689702418125404,-4.925181145555232,-1.2763799150087065,4.835350190175427,98.949,19.854399424317958,1967.7420484388679,2.919942825944774,2.01328878203571,0.06679884221278683,3.0153637596023497,0.0,0.21260732037957525
41,Lynn,38.80490237827379,5.605802066295998,-0.1004705303636345,-3.996364153861897,-1.3153426251476061,-1.942240420166351,-3.4104140367670794,-2.6372241485335977,4.522960554732886,87.446,19.421124184953836,1923.3589367552704,4.6769021358975,3.609244125167461,0.3858736100148985,0.0,0.0,0.03840966398874098
42,Lynnfield,0.0,6.311734809152915,-0.06369193464448535,-4.009149716158869,-1.2303304441684515,-1.7473866176850783,-3.898177598606093,-1.7507853950177492,4.725769331644117,98.085,19.349187990965174,1958.9495331819328,3.570593880483035,3.119008292794196,0.11766976040091093,0.005226480836236934,0.0,0.06829268292682927
43,Malden,0.0,7.1180162044653335,-0.6487658876695606,-1.4446929372938406,-1.604587458300351,-2.553668012997497,-4.075841090657541,-1.57440513891833,4.73743589702311,93.811,18.54351671203977,1922.4793662840339,4.847167696497592,3.9359756022690164,0.4245310919591875,0.03251151449471688,0.0,0.044071164092838434
44,Manchester,95.41143853309289,6.660575149839686,-0.052574524543599115,-3.770203391943521,-1.473189343998931,-1.6499398557434302,-3.048715315983459,-1.2184895659276078,4.776198053779974,96.665,19.10285160332044,1937.6594538897475,4.060709279354537,3.233916459975694,0.16048210609391056,2.5,0.0,0.14803625377643503
45,Marblehead,88.4360937594057,6.423246963533519,-0.03974032864951411,-3.784189633918261,-1.348073148299693,-1.6610730287357638,-3.0265039322207445,-1.330888323545592,4.69570428660554,97.968,18.456513110655898,1931.0693288962839,4.712954678509861,4.2068219906257776,0.32687415247927404,0.10301250957365331,0.0,0.06254786826653051
46,Marlborough,0.0,6.787844982309579,-0.2555106900872301,-2.55373847771232,-1.657946267386506,-1.975660626937162,-2.8820631047571474,-1.7905682838579018,4.647003602023344,97.694,20.11132964372806,1950.8278935185185,3.3461180115204137,2.2383666153451083,0.26807011089425614,2.3591832525523357,0.0,0.0834278642879241
47,Marshfield,0.0,5.225746673713202,-0.01626052087178029,-4.532599493153256,-1.5621850275835547,-1.824549292051046,-5.7745515455444085,-1.497885426528353,4.855662192406821,96.139,20.403952331698903,1960.4965388986466,3.7242199036041685,3.157043922295145,0.12181593643721758,2.5,0.0,0.1543236485903957
48,Maynard,82.09067974378667,6.306275286948016,-0.052446475372542545,-3.4730619428917993,-1.5104847413512743,-2.086767581771909,-3.5857095198359286,-2.4275051339655733,4.653818889076346,95.38,18.728265546821323,1943.8473500476039,3.7844531983396568,3.1454229012224073,0.17353225944819836,0.004448398576512456,0.0,0.051601423487544484
49,Medfield,0.0,6.561030665896573,-0.07486987695248376,-3.7884419436567915,-0.9370131597092343,-3.1598332842344172,-6.690842277418564,-0.9131899541959069,5.020372147983599,97.887,19.76474622937292,1964.6660341555978,3.1186286671981716,2.481131283283099,0.08333969707219671,2.5129047395588926,0.30403566400750826,0.9870952604411075
50,Medford,53.14867724715639,6.0844994130751715,-0.07078425703236965,-3.887274835738952,-1.4595265997909004,-1.8503929084779118,-3.058430867769555,-1.4788459184851357,4.846649216963484,98.635,18.830659673581646,1924.664621370847,4.999091979088282,4.091144084129259,0.7281236586794654,2.6410973084886127,0.0,0.06991028295376121
51,Medway,0.0,6.9440872082295275,-0.07195910689054141,-3.8530447548712115,-1.091884728455053,-2.9928434896481,-4.237207282275508,-0.9985288301111273,4.999537438697385,95.957,19.512320514896096,,3.3594483599983733,-1.9159449895344305,0.0741684227697173,0.05842506350550381,0.0,0.11685012701100762
52,Melrose,28.866456779084913,5.796057750765372,-0.11588514174830461,-4.186619838331271,-1.452252328911688,-2.1851398381211475,-2.6430177308313554,-2.2907971372420035,4.691083820364405,99.097,18.546710522516303,1923.478344685773,4.702820430228767,4.05796719543777,0.5141357552237107,2.6529726516052317,0.10656956004756242,0.12687277051129608
53,Middleton,23.787179561802763,6.693323668269949,-0.048232698764304825,-3.860110324213733,-1.2816776164149088,-2.311297033596067,-4.630237962717172,-1.525306397198189,4.820620701818597,88.647,19.744892009756644,1972.838402178847,3.029844117007345,2.3863446323684814,0.06171012960148391,0.0,0.0,0.16286764705882353
54,Milford,87.22193338210323,6.858565034791365,-0.18526706702371137,-2.2942168433235293,-1.4075265812256648,-1.8087090275418283,-4.438721978350427,-2.366249105986684,4.684798558480656,94.047,19.741878292467508,1951.6371878923142,3.4534366330910427,2.357776039631439,0.15893408206115936,3.054710500490677,0.1723503434739941,0.11408243375858684
55,Millis,88.90747000687679,6.1070228877422545,-0.0316768566535702,-4.497584975308154,-1.3363382632765894,-2.194999882314108,-4.340803918849927,-1.7017465892346686,4.821489958844174,96.427,19.581961307777195,1963.6458247634719,2.850984034725456,1.8042016089381219,0.12399164703468404,2.5,0.0,0.16131169261344816
56,Milton,98.11171771719133,6.720220155135295,-0.09350240588627023,-2.7312361085710206,-1.510734002293874,-1.0031924537290733,-7.087573705557973,-1.3037485232282358,4.679549860357858,99.186,19.614343722736653,1936.2260324483775,4.597710039676692,3.8760304898935685,0.2268487450257113,0.0009342520144809063,0.01751722527151699,0.04881466775662735
57,Nahant,100.0,4.430816798843313,-0.06136894637629213,-2.639057329615259,-1.791759469228055,-1.9459101490553135,-3.131136910560194,-1.3393774413321389,4.583332594819866,95.824,17.091232146091514,1930.577620173365,4.896705803608905,4.2680199729774,0.312608250846777,2.5,0.008142116950407105,0.0540340488527017
58,Natick,92.66284606851575,6.694562058521095,-0.24251310408386942,-2.9809899918167875,-1.882377703148678,-2.0794415416798357,-3.755870322930215,-1.5714254722403942,4.824330771250232,98.633,19.746990526058802,1949.9447808683158,3.968789610457913,3.3222736530114223,0.016668896723508884,2.594304137560451,0.0,0.9711624574601468
59,Needham,85.00465651630445,6.483107351457199,-0.1269996907613074,-3.7105186292174173,-1.2846103201913728,-2.0057705369789924,-3.1710851610318525,-0.6125666939006059,5.073871546827327,96.303,19.55455496621755,1959.7531169268786,4.399618048090447,3.712867228964268,0.11425648556743084,2.5095238095238095,0.24455486542443056,0.7685300207039337
60,Newton,77.16804746863193,6.803505257608338,-0.351456303171112,-2.159114358466965,-1.594019104766917,-1.583149432530013,-2.96010509591084,-1.2174483396905167,4.795159353932147,98.258,19.83327615162965,1932.954369290394,4.918335287710989,4.286148808160688,0.5304185620377571,1.8877815340036002,0.4455042367300347,0.547086973701541
61,Norfolk,0.0,5.7430031878094825,-0.03922071315328127,-4.133565275375382,-1.024504316514388,-3.0349529867072724,-4.331928797691105,-1.2533605185579646,4.85396283011863,98.164,19.83167454271532,1975.3056673892845,2.632597320776686,1.6952473229430374,0.09693267000814182,0.01373267067747842,0.0,0.12634057023280146
62,North Reading,1.1413217565997076,6.976348070447749,-0.04097762443263832,-4.268297869345538,-1.2826159316450492,-2.2227578793413842,-4.4536630676944835,-1.3842430783493334,4.878125648487458,94.734,19.66006564229445,1967.0538550057538,3.1969055655651784,2.6464275831347837,0.055001047354393574,2.5,0.0,0.0
63,Norwell,0.0,6.113682179832232,-0.04063764573182627,-5.015069891164122,-1.1864284946750265,-1.9705474534406986,-6.796823718274855,-0.8487887290942094,4.932431870784644,99.496,20.117233381681054,1957.2808333333332,2.6765386989281534,1.8122353853584106,0.10436128885505476,2.5,0.0,0.13954555887078265
64,Norwood,57.157367900729824,6.551080335043404,-0.09117588066586992,-2.967561396587295,-1.3361445774344192,-1.7635885922613588,-2.20421761282719,-2.856121834853086,4.522844098877271,98.297,19.3389950323924,1945.4238185768604,3.9904213993408937,3.078205807426108,0.34941252339887574,0.0,0.036300219609869525,0.06691641906730397
65,Peabody,89.06555989639082,6.787844982309579,-0.0402584554802637,-3.7921127087555884,-1.7379889750600424,-1.3987732524930787,-2.835883572612095,-2.1314368367982164,4.637463864494479,98.653,19.7584676378896,1949.5885145124894,4.079201288572006,3.1324603795240327,0.018826257843215642,0.06404615939415795,0.7593725207356651,0.9886043995672557
66,Pembroke,96.39956331234075,6.855408798609928,-0.038672918014959375,-3.859676525055937,-1.3180745315913913,-2.524675458323597,-4.365073392297914,-1.5078107930090283,4.792486557840285,95.587,20.16059582138718,1964.7632909185986,2.9616891705002253,2.336750795309739,0.06275163290432723,2.5,0.0,0.09158301158301159
67,Quincy,40.97681956939394,6.499787040655854,-0.1247622208277577,-2.738586924962292,-2.1822989271195437,-1.0748370231744515,-3.4263979952794537,-1.998032420238876,4.612454719495945,97.969,19.863544809029275,1928.4381629028167,4.643516978574282,3.7456442924968263,0.6152104538242402,2.885800823842985,0.4578265083595832,0.18977465471286648
68,Randolph,97.78132848983302,6.860663671448287,-1.0986122886681098,-0.7121953755306398,-1.457986289576007,-2.1511334701359526,-3.581035699037503,-3.1520400935191444,4.509624944096725,98.62,19.234952863240505,1954.8153622486068,3.696564516475545,2.8701840654987216,0.2433463092600897,0.0,0.0,0.06086661387034732
69,Reading,97.86645590784234,5.556828061699537,-0.15866536018178498,-3.9473901492654373,-1.2260947214132065,-2.1556306800373823,-3.232532151315686,-1.268922425160972,4.779086247176583,96.815,19.323124518093703,1947.6497119572853,4.0320851343880975,3.4235934994604946,0.16230668154040753,0.00194325689856199,0.007254825754631429,0.0777302759424796
70,Revere,2.8137978541388304,5.278114659230517,-0.40291733602936564,-1.4714521694601974,-1.540445040947149,-1.9459101490553135,-2.104330830443523,-2.360264204580724,4.633788752361076,95.648,18.67343699580691,1941.9954621682944,4.697297002269298,3.699841053839629,0.4427466893678795,2.760492626802787,0.8841759844433641,0.901231567006968
71,Rockland,54.17798457380641,7.010311867307229,-0.08275396102891237,-3.1184915691966024,-1.7580384392605992,-1.898324078950686,-3.2775006682157244,-3.258808535203572,4.620302389658295,91.773,19.375645202244886,1940.8533950617284,3.459884897102209,2.613001759761338,0.13743832329714303,2.6457534799273756,0.0,0.00040346984062941297
72,Rockport,73.2090725946021,6.529418838262226,-0.0821129757210121,-2.945899899806115,-1.4542450230283983,-1.8850279391208526,-3.5830137603700947,-3.4159596757069286,4.450973161979442,88.987,19.051520082201232,1930.7091945830364,4.123049658998485,3.3851809044039185,0.24918195069956375,2.5,0.0,0.14847030593881225
73,Salem,69.13552273514968,7.484930283289661,-0.13313041423188518,-2.508196540869087,-2.1096518756054965,-1.3279512977041061,-3.1299134550200107,-3.2132950639590616,4.411567602300901,90.599,19.14474141164117,1916.2154233025985,4.794073414452202,3.4618297078631683,0.7261258356711021,2.6577450652392103,0.0,0.06356641017062563
74,Saugus,0.0,6.364750756851911,-0.1342693092734293,-3.7256934272366524,-1.8321512636986552,-1.9703016021794726,-6.675823221634848,-2.2331719651445314,4.479615552270161,91.927,19.438480729049424,1947.5561904761905,4.049381178026375,3.350939429221257,0.18590997262333914,2.9777653003930378,0.0,0.11083660864682762
75,Scituate,0.0,5.476463551931511,-0.0340458414097171,-4.09016919081162,-1.5846432538208841,-1.6478221554424157,-3.7436043538031827,-1.0580270085530314,4.865670446111785,97.753,19.857789943138222,1951.2005781938326,4.018390758181112,3.417960790126579,0.15474547015548037,3.0,0.0,0.0005925574780753733
76,Sharon,98.4283190307621,5.733341276897746,-0.16499677313664857,-3.3354460040993748,-1.1586302983943626,-2.2069807522815843,-3.589672804030488,-1.1078573468121609,4.905168499152817,98.9,20.21829819131086,1962.1427023121387,3.1645469068869025,2.59717149601623,0.13786082249623913,0.09501630181648812,0.0,0.11721782331936034
77,Sherborn,99.86852084816753,6.013715156042802,-0.0761789509603754,-3.615819883244431,-1.243030531577137,-1.5828983571994881,-3.0889423475811992,-0.9443615037304018,4.970670030809524,96.436,19.89456773334272,1953.8198074277855,2.092943782442383,1.3996521866988774,0.030116799980657118,0.0,0.0,0.22416534181240064
78,Somerville,0.0,0.0,0.0,0.0,0.0,0.0,-3.0626717562291,-1.8899514954072687,4.61272282034303,98.509,18.251302137346336,1909.805177220231,5.866550783865891,4.922823457201057,1.3214399452654988,2.765169668392981,1.9653319935069955,0.8665842158151039
79,Southborough,0.0,5.752572638825633,-0.169076330043934,-3.5553480614894135,-1.1882244473577968,-2.256065077359153,-3.871201010907891,-0.8754687373538999,4.974518217388296,96.912,19.806873110412624,1967.9517961314093,3.032574974629606,2.144600678440162,0.07033605010061812,2.5341430499325237,0.32491497975708505,0.988663967611336
80,Stoneham,0.0,6.870053411798126,-0.0867282111941656,-3.4043175089983992,-1.419014958232425,-1.9797042835763718,-2.9404837993235122,-1.3876162383778063,4.7421677865891,97.798,18.686142208896346,1945.2325780981805,4.195694984246165,3.451605183771934,0.3568229745288599,0.0,0.0,0.03265507056120775
81,Stoughton,87.65135487397838,7.051855622955894,-0.31964491648868776,-1.8757058903820647,-1.3854289348434616,-1.9581054221491316,-3.1886563393072103,-2.315127466771137,4.600019647111346,88.198,19.845519636268065,1959.989867717422,3.2931044771619438,2.3953559938410454,0.10797772551963576,0.0,0.0,0.15647545830869308
82,Stow,0.034596161315449216,6.2878585601617845,-0.0752524644102657,-3.7229092027002477,-1.2002622249294002,-2.160724175116693,-3.3860505659021696,-1.2776214873490814,4.797735009785101,97.299,19.971083882655392,1964.05943738657,2.7213181840670457,2.0361266549048604,0.10183677449924652,3.0,0.0002358490566037736,0.1293238993710692
83,Sudbury,99.78001229914196,6.246106765481563,-0.2496546768625416,-2.314281132757237,-1.2973468751033945,-1.5365765641692286,-3.1453614686624034,-1.0250979324623124,4.935755303824024,97.35,20.2952010611289,1967.9532560214095,2.8350091741843606,2.1760950847359735,0.06009442817475023,0.008887171561051005,0.0,0.12627511591962906
84,Swampscott,77.84996661125881,6.874198495453294,-0.06626355175336818,-3.1606264287489867,-2.309850303985458,-0.7321610898659381,-3.4957858003380706,-2.733645748291174,4.465665644129622,95.734,18.097387189727183,1932.1706404862084,4.459544649563438,3.5080427853526173,0.2983774827739134,2.5188334050796386,0.0,0.0647869134739561
85,Topsfield,98.96091315107459,5.3612921657094255,-0.038282186571016924,-5.3612921657094255,-1.1716374236829996,-1.8349316410932637,-7.029087564149662,-1.2989877811760875,4.865945511686872,96.375,19.635253626497438,1956.1027992277993,2.8236098460239587,2.1174744603380216,0.0571016474884892,2.5051238257899233,0.25213492741246796,0.9722459436379163
86,Wakefield,1.357756627303077,6.926577033222725,-0.08069715795867521,-3.4608411304229985,-1.537505303406224,-2.1225559884894682,-2.665603510854953,-2.1342116095074855,4.646859680649863,98.008,18.982087062424032,1940.9095145631068,4.2565289503034744,3.4777429654308762,0.22024564667709637,2.6362505921364283,0.07520132638559925,0.11724301279014684
87,Walpole,90.51544378460505,6.876264611890766,-0.03785941104342239,-4.103675889650985,-1.2237754316221157,-1.5009862042066013,-3.9771295470297257,-1.1140632398238288,4.78964721949522,83.266,20.10243629728623,1962.7323081304287,3.1640863996420725,2.4114220826375865,0.17435220059694412,0.0,0.0,0.07430301501198436
88,Waltham,76.07927938462052,6.919683849847411,-0.35160593843543503,-1.8762587329281641,-1.8892459284549754,-1.795719870444152,-2.445773652085852,-1.924476728452566,4.668167658685927,92.308,19.6065434078423,1943.0390118116786,4.677676149261311,3.8754286921504506,0.3321245744921778,2.59488423028786,0.02223482478097622,0.05154881101376721
89,Watertown,25.283048284438074,6.9167150203536085,-0.06341592716753067,-3.9722760411871687,-2.0415176971524573,-1.729329214512854,-4.980176086611547,-1.3491906109165135,4.8393846332736725,89.078,18.33538357822688,1928.714199849737,5.084963395422826,4.309366761599933,0.4455814921453858,0.0,0.38879259694477086,0.4036427732079906
90,Wayland,0.0,5.666426688112432,-0.03880557442179512,-3.586985146432596,-1.2005185694578484,-1.882237054194171,-4.622791787337911,-0.5284472251158101,5.095274399850662,99.142,19.83815085456225,1955.0155308298563,3.236646296313236,2.5623625294132273,0.15450911064543035,0.015482334259626836,0.0,0.007542675664946407
91,Wellesley,84.00422668914969,6.982862751468942,-0.17714019805195705,-2.8239796681092706,-1.7150045924056143,-1.2560150038817453,-3.377099830083095,-0.7976047616191795,4.975272493354853,98.581,19.38305776713775,1951.3684762654077,4.591874979837987,4.080395435021033,0.38977747236750926,2.9997031231445197,0.010871630447690298,0.014725092031825199
92,Wenham,100.0,5.14166355650266,-0.017699577099400975,-4.04305126783455,-1.3804634408090974,-2.3084502124464437,-6.568077911411976,-1.505482878385009,4.816656746995914,97.671,19.14465557559861,1948.1709470304977,2.990131826102019,2.4297211016816376,0.07025185963080896,3.0,0.0,0.13996075866579463
93,Weston,99.20561080493847,5.568344503761097,-0.15669845190605702,-3.0033951462995603,-1.2245390819074131,-1.9047828576314505,-3.418223331252082,-0.6589808509651954,4.957107283879437,99.333,19.902627089601616,1959.6863079988614,3.33658902216753,2.77065112757373,0.12651081672881062,0.0,0.00031309751434034416,0.10420650095602295
94,Westwood,0.0,5.780743515792329,-0.15312240210169228,-3.9889840465642745,-0.8754687373538999,-2.7362210780689065,-3.7676392879745837,-0.9744312785320666,4.917740788886432,99.65,19.46003338912886,1959.1898355754859,3.586756155827016,2.809245589099099,0.20991981975682011,0.0,0.0,0.04904306220095694
95,Weymouth,80.61515388013447,6.860663671448287,-0.14044351631299157,-3.19710202531864,-1.1977031913123406,-2.372027301716147,-6.680854678790215,-1.212794537655084,4.865324268868199,97.072,19.84322381799216,1941.490247432628,3.8666178818063104,2.923721343067458,0.16033432236610679,2.528924317852417,0.010366122629025143,0.0836851723486042
96,Wilmington,0.0,5.75890177387728,-0.08557850670578815,-3.2739951240892804,-1.316250517386964,-2.3916059438908066,-3.044522437723423,-1.0596968724184361,4.835808758137352,96.999,19.83653328181225,1969.9069353070176,3.3404632496503446,2.499136188650276,0.09050564795921419,2.4831486347537988,0.0,0.1580029704101451
97,Winchester,79.8977493230552,5.739792912179234,-0.16006308619301188,-3.2548862623912336,-1.535100292788268,-1.2971416556889177,-4.433944733830274,-1.2171763913016382,4.931298954965921,96.265,18.723456901354048,1942.3216456287985,4.676503652537798,3.996874097653222,0.26979455636119504,2.5155195681511473,0.03081421502474134,0.05083220872694557
98,Winthrop,0.0,4.477336814478207,-0.02298951822469872,-3.378724525810097,-2.3978952727983707,-2.3978952727983707,-3.2036493775369093,-3.3993939546630045,3.9973881922972234,98.059,17.848846801493718,1916.8957732949088,4.918772468458337,4.144550956839064,0.7772999754833838,0.0,0.0,0.05224048637694213
99,Woburn,62.580503029282355,6.821107472256465,-0.09968177146582125,-3.563010934234983,-1.6281506213662544,-1.3657863568987634,-3.44056377184971,-1.739956472277316,4.76990010383623,97.38,19.542558923779026,1948.179047814488,4.040952452694321,3.248248557074922,0.3075456996741221,0.05007194244604317,0.0,0.06148681055155875
100,Wrentham,0.0,4.820281565605037,-0.058107630807280694,-3.721669276936927,-1.6847873496758872,-1.987068221548821,-3.2694661695417806,-0.9970616936977262,4.9338964504946485,97.647,20.137482612324032,1970.1963288108539,2.7886453034559358,2.132314766576164,0.12458935335086203,2.5,0.6300000000000001,0.9610967893133349
