municipal,%_single_family,pop_2010,%nhwhi_2010,%bipoc_2010,%pop_u18,%pop_65o,%incu10,%in200o,income,%_compliant_zoning,city_size,parcel_year_built,total_value_psf,land_value_psf,floor_area_ratio,max_building_floors,max_floor_area_ratio,%_far_compliant_zoning
Acton,3.395190449606547,6.994849985833071,-0.6266627994825785,-3.5608627813479248,-1.06260479838506,-2.399730135698481,-7.497207223203318,-1.155085804482166,4.8114661693337695,96.591,20.050045875337837,1964.4847746650423,3.30310819506924,2.271830752339814,0.1574041877248485,0.0,0.008677312443507,0.1351310635733654
Arlington,66.83652562199937,6.483107351457199,-0.109787561880186,-2.986599789990718,-1.4592268306109224,-1.9398125691871948,-3.805839105615114,-2.2496457076998264,4.7081501850176375,97.824,18.52697076467634,1936.249370488501,5.052825632442621,4.237217671797313,0.3809414157907729,2.5729856289358954,0.278943968997255,0.4942677216211852
Ashland,85.06239651521128,6.472346294500901,-0.1957028051592562,-2.808784648371254,-1.3603585061443573,-2.7346766762175325,-3.991626056027113,-1.616245805596377,4.824033842711016,95.769,19.61202008367033,1969.561590688652,3.2305425263164973,2.379616971916357,0.0602006754714881,0.0,0.0405742821473158,0.0162297128589263
Bedford,0.0,6.775366090936392,-0.2503364330929293,-2.750014400201242,-1.3954687373959318,-2.056867219641297,-4.268297869345538,-0.8472978603872037,4.965683548157512,96.526,19.68524069824113,1963.4307853953244,3.533860902607913,2.8817845140232743,0.0990156963174548,3.0,0.008634401272438,0.0949784139968189
Bellingham,0.0,6.405228458030842,-0.0790789848757423,-4.007333185232471,-1.4423838277709342,-1.8305174795274588,-3.77138067562568,-1.927661467466914,4.78637745091443,94.797,19.97436788324775,1966.79784466741,2.9874711421978146,1.959566563237021,0.0910343950729018,0.2401250822909809,0.0,0.0994075049374588
Belmont,75.01661803369505,5.44673737166631,-0.1434324636072341,-4.7535901911063645,-1.3196029866212184,-1.3358635074929988,-3.213734425367782,-1.1027445259530202,4.847492082420255,96.313,18.52211453246936,1933.9240986717268,5.196856200465451,4.649038106925555,0.2140019338810296,0.0,0.0,0.0045441635898892
Beverly,28.567984828415803,6.6240652277998935,-0.0323914957912354,-4.226169955001523,-1.593627306407458,-1.7798781413413025,-3.321303472441389,-2.1371690103351177,4.817059579784037,96.392,19.744610810513933,1936.9763580073177,4.235637594995463,3.457851662973103,0.2448995653413658,0.0,0.0154404689003586,0.0726970518764762
Bolton,100.0,5.135798437050262,-0.0606246218164348,-3.1898882879949486,-1.1845547184688343,-2.245426679154097,-4.477336814478207,-0.9456429438866826,4.941623955900163,95.778,20.08497342932205,1973.8820598006644,1.9730990743473968,0.8015329301152812,0.020246449442569,0.0,0.0,0.0
Boston,0.0,7.222566018822171,-0.3788160698159459,-1.5771191211789328,-1.8334942890056696,-1.4763628282820174,-2.00076850960736,-2.502860453404596,4.249513312893209,94.667,20.917113625163275,1924.2521408066948,6.010276051887463,4.4866215678725245,0.268263348846261,2.3339911979820798,1.0053500226910534,0.9229137423351732
Boxborough,0.0,5.91350300563827,-0.1609303668126371,-3.20545280453606,-1.213022639845854,-2.1999309389339623,-3.938664936374567,-1.3775691482290209,4.84851761420978,91.205,19.40494481960097,1977.3569811320756,2.658000813200758,1.5523362494382826,0.0473903734512103,2.965391621129326,0.004796599878567,0.2046144505160898
Braintree,0.0,6.829793737512425,-0.1217096536593558,-3.2462747990563154,-1.8393611507336889,-1.593351774682476,-3.842609877578632,-1.975342855842432,4.717015312852563,88.425,19.64815054753201,1943.0079112298367,3.991917031257544,3.24672854117874,0.1815861137280176,0.0045762227095051,0.0,0.0694060444274954
Brookline,69.4747089270653,6.680854678790215,-0.2463081600027618,-3.0699367661459904,-1.6374295618709684,-1.852540941487914,-3.686749527856112,-1.279229541683531,4.892415801372859,96.62,18.88966643251698,1923.7797054418368,5.835351949609521,4.690947551759271,0.1812921995985099,0.0,0.7589693757361601,0.927090694935218
Burlington,0.0,0.0,0.0,0.0,0.0,0.0,-2.2047717829716023,-1.9199346626520528,4.596854653631534,95.305,19.48004385807145,1967.0306213017752,3.5459808539330258,2.850649460330009,0.1090821508233632,0.0,0.0061370845400634,0.0737829264928975
Cambridge,0.0,6.025865973825314,-0.2957661908517399,-2.074622255243887,-2.113842968397168,-0.8783714970118613,-2.793208009442517,-1.7015643900905006,4.608198800720399,97.324,18.82809277692277,1909.3750611246944,6.442151443545776,5.464472555276014,1.6144001252885054,0.0155228758169934,0.6868347338935574,0.131963896669779
Canton,0.0,6.20050917404269,-0.2870061684044199,-1.9378292970013744,-1.1700712526502546,-2.026121904147053,-2.5952547069568657,-1.3078061804736076,4.746783397583583,92.07,20.02413228082349,1958.477053541736,3.6372115129621663,2.885435928309998,0.1315579530712647,0.0,0.0,0.000151653017895
Carlisle,0.0,5.942799375126701,-0.0963606000689766,-3.863357833446865,-1.442989704796436,-1.8652619312209813,-3.909915523088581,-0.8554179403083387,4.969387889378811,98.084,19.82709641787954,1968.8507462686568,2.081651846316853,1.3429413407123938,0.0294390811462317,0.0,0.0,0.1497005988023952
Chelsea,0.0,0.0,0.0,0.0,0.0,0.0,-2.4756042571256867,-1.863426139099409,4.28035261557147,97.847,17.685545553163497,1916.812800404756,5.863165568368122,3.8854226630095634,1.2377114271112883,3.3114789337919173,0.1154342218400687,0.1657351676698194
Cohasset,0.0,6.522092798170152,-0.0512932943875505,-3.7495040759303713,-1.1330210683536517,-2.1400661634962708,-6.639875833826536,-1.5218820214097808,4.580221486945462,94.873,19.376568054141845,1943.8617424242425,3.5730575829089446,2.861351706986605,0.1140551429660472,0.0,0.0,0.1271076523994811
Concord,0.0,5.973809611869261,-0.0821654000434901,-3.488902962081261,-1.3009807774073552,-1.7111297348279455,-5.602118820879701,-0.8314341964140362,4.905549089234279,98.212,20.31661849479178,1951.8855923986812,3.912476801349097,3.1404071625191694,0.2067273840058281,0.0,0.2200411319512997,0.5875287923659098
Danvers,0.0,4.564348191467836,-0.0210534091978323,-3.871201010907891,-1.9252908618525773,-0.6523251860396901,-4.204070535389567,-1.8849561404443107,4.5642930581505965,92.103,19.56290507119763,1947.0031077835847,3.6435661353325375,3.0221635258820454,0.1646086771223168,0.0,0.0,0.0469314079422382
Dedham,0.0,4.787491742782046,-0.0689928714869514,-2.70805020110221,-1.529395204760564,-1.491654876777717,-4.544261432901099,-1.289667525430819,4.755139713647046,98.67,19.327894759575457,1940.5289267015708,4.1186629255187945,3.343589142805013,0.3621007639518771,0.0,1.5746656587975345,0.8485870450052332
Dover,100.0,4.04305126783455,-0.0540672212702758,-3.349904087274605,-1.55814461804655,-1.6451559950361796,-3.917462728723964,-0.4432402120469189,5.100578660870448,98.118,19.86209444715112,1967.3275774504823,2.940477121660935,2.1959909732650225,0.0917414138577149,0.0,0.0,0.2032682343563172
Duxbury,100.0,6.363028103540465,-0.019147669414134,-4.417117954485152,-1.153541950699044,-2.0589630103362957,-3.054394186202577,-1.3726356121888506,4.897700232096835,93.709,20.237399015583144,1955.6089833567275,3.506939170949221,3.0109125152288527,0.1482953252862383,0.04,0.02,0.0227555555555555
Essex,0.1489509531450106,6.028278520230698,-0.0293419582840153,-3.725693427236653,-1.5174190137138484,-2.0964528875063726,-2.370978533922062,-1.2428438059876308,4.737690037765868,45.959,19.720093989610668,1957.2997658079623,2.139163626344389,1.5390605551165024,0.0248914441837692,2.4959100204498976,0.0002044989775051,0.5071574642126789
Everett,0.0,0.0,0.0,0.0,0.0,0.0,-2.5877640352277083,-3.0520696433588057,4.336798666730262,89.931,18.37249636732133,1914.506698187549,5.016597860205109,3.896215571731741,0.8940170322257394,0.0,0.0408071073633488,0.0373437735280831
Foxborough,92.78636918764012,6.54534966033442,-0.0607144246991677,-3.454307206976104,-1.4154509454113462,-2.0344901538175697,-4.32452214019369,-2.1537891783044474,4.58021911450382,95.693,20.078492906939356,1963.620368495647,3.0422470585085604,2.1855515303986373,0.1794323016002972,2.5,0.0,0.0076949982511367
Framingham,86.35750012364471,6.546785410760524,-0.1582240052148941,-2.833213344056216,-1.563178789052187,-1.7184716734582226,-2.5680525407120527,-1.7426373915743567,4.621839394019365,95.375,20.21579274387962,1953.5123519032013,3.589093339367893,2.652967277880007,0.159634202213633,2.99930735930736,0.0256277056277056,0.0
Franklin,0.0,7.1891677384203225,-0.0924463599255623,-3.755180533935176,-1.0070828317036908,-3.1638160476851733,-6.70196036600254,-0.6956072064008076,5.0539830016054665,95.296,20.3566450387513,1969.2450842696628,3.15815476648427,2.422532588245941,0.0875296102502797,3.0,0.0,0.0986561100114595
Gloucester,3.344654744593455,6.75110146893676,-0.0393610738805803,-4.26619481914876,-1.639113680580217,-1.899071205017143,-3.710270644095254,-1.9552125417176267,4.67436533509175,98.662,20.35712923047412,1937.9316179415296,4.212596651754343,3.1999554184081487,0.3472976834037276,0.0360873694207027,0.0,0.2037037037037037
Hamilton,0.0,5.537334267018537,-0.0483965408618502,-4.438721978350427,-1.3629469971228996,-2.359280436670591,-1.6276202315172907,-1.020650747198398,4.771800687478536,99.057,19.784635605232644,1950.0903092783503,3.3162212349389097,2.527998848126795,0.0953337207268481,3.0,0.0,0.116590348714336
Hanover,100.0,6.520621127558696,-0.0223389780822623,-4.728861658330641,-1.252762968495368,-2.189887787272365,-3.6749903419532695,-1.1729892588059687,4.88408692074296,97.733,19.820651282116277,1961.8262174013385,2.8593332113274808,1.9691516407217675,0.1066260601666992,3.0,0.0,0.0850930378423583
Hingham,0.0,5.831882477283517,-0.0419223063862633,-3.529297384289471,-1.3775351810300092,-1.672999393923845,-2.507886199860944,-1.4522912962765249,4.630594656379799,98.556,20.188621157582848,1940.6816686602872,4.006800942524384,3.348669623616805,0.2397439244393081,2.5120431893687707,0.0,0.003875968992248
Holbrook,0.0,6.728628613084702,-0.1775482780412969,-2.164280421616865,-1.4056186339462935,-2.0557997786227955,-6.028278520230698,-2.0964528875063726,4.660666591437606,90.348,19.07121891038115,1952.6038617253191,3.259178248001436,2.5736923786090857,0.1041077104079489,2.505079658277534,0.0,0.2539829138767028
Holliston,0.0,4.605170185988092,-0.1392620673335076,-2.8134107167600364,-1.3093333199837622,-1.9661128563728327,-3.3037420455114423,-1.1849081021209458,4.856097621598774,94.9,20.03103322022691,1959.5073451139024,2.840320836841026,2.1840784609577204,0.0747210957049355,2.5144796380090497,0.0239819004524886,0.0126696832579185
Hopkinton,100.0,6.206575926724928,-0.3401078697916307,-3.210843653170937,-0.9862201016466028,-3.373362582668712,-3.763058852288188,-0.9657775174580352,4.96315004024269,98.181,20.407155265893,1969.6986415882968,2.967592257117856,2.017369936177929,0.1192116500844133,0.0,0.0,0.1709533607681755
Hudson,0.0,4.691347882229144,-0.0469569830877709,-3.9982007016691994,-1.7469089030627032,-1.1649873576129823,-3.92395157629342,-1.7606285506328818,4.71500089345398,98.342,19.5079368537872,1953.1470805617148,3.404268177924054,2.3337807716005683,0.2272903779326899,0.0824602906387293,0.0,0.0765461304494761
Hull,81.28142644756288,6.075346031088684,-0.0494800572633696,-3.8781214537524646,-1.8558383259125772,-1.8126661540473683,-3.054765805138184,-2.599510032527004,4.448978341988975,97.483,17.983883684174337,1932.8781362007169,4.406986691894264,3.649364416825877,0.2953693007380424,3.0519949066213923,0.0,0.0978353140916808
Ipswich,0.0,6.059123195581797,-0.0429660358834432,-5.365976015021851,-1.2799997024702674,-2.0701391490175225,-3.550366731139209,-1.873676591695942,4.414198827286467,93.414,20.60003545141593,1945.5110152168972,3.885294314952363,2.9176123447658995,0.1551592855018226,2.8677168343139114,0.0,0.1311444296830518
Lexington,0.0,6.336825731146441,-0.2546068207699948,-3.158771900798495,-1.143868880256231,-2.366533817594319,-3.418507019197247,-0.949600710755688,4.876151066716461,88.434,19.804781687294437,1958.3005307855624,4.460919788147755,3.810347389571308,0.3084524852214288,0.0,0.0,0.0621618963312678
Lincoln,97.49190363342778,6.180016653652572,-0.0796977016325085,-5.486869473092628,-1.8625285401162623,-0.907017095088826,-3.023981174942371,-1.2645746701660816,4.733486500971291,98.688,19.806957883611226,1953.825637910085,2.8194159450768823,2.2402307446194114,0.0381843723677334,2.5024038461538463,0.0,0.270541958041958
Littleton,0.0,5.247024072160486,-0.0266682470821612,-4.553876891600541,-1.221672381425337,-2.0689702418125404,-4.925181145555232,-1.2763799150087063,4.835350190175427,98.949,19.85439942431796,1967.742048438868,2.919942825944774,2.01328878203571,0.0667988422127868,3.0153637596023497,0.0,0.2126073203795752
Lynn,38.80490237827379,5.605802066295998,-0.1004705303636345,-3.996364153861897,-1.315342625147606,-1.942240420166351,-3.4104140367670794,-2.6372241485335977,4.522960554732886,87.446,19.42112418495384,1923.3589367552704,4.6769021358975,3.609244125167461,0.3858736100148985,0.0,0.0,0.0384096639887409
Lynnfield,0.0,6.311734809152915,-0.0636919346444853,-4.009149716158869,-1.2303304441684515,-1.7473866176850783,-3.898177598606093,-1.7507853950177492,4.725769331644117,98.085,19.349187990965174,1958.9495331819328,3.570593880483035,3.119008292794196,0.1176697604009109,0.0052264808362369,0.0,0.0682926829268292
Malden,0.0,7.1180162044653335,-0.6487658876695606,-1.4446929372938406,-1.604587458300351,-2.553668012997497,-4.075841090657541,-1.57440513891833,4.73743589702311,93.811,18.54351671203977,1922.4793662840336,4.847167696497592,3.935975602269016,0.4245310919591875,0.0325115144947168,0.0,0.0440711640928384
Manchester,95.41143853309288,6.660575149839686,-0.0525745245435991,-3.770203391943521,-1.473189343998931,-1.6499398557434302,-3.048715315983459,-1.2184895659276078,4.776198053779974,96.665,19.10285160332044,1937.6594538897475,4.060709279354537,3.233916459975694,0.1604821060939105,2.5,0.0,0.148036253776435
Marblehead,88.4360937594057,6.423246963533519,-0.0397403286495141,-3.784189633918261,-1.348073148299693,-1.6610730287357638,-3.0265039322207445,-1.330888323545592,4.69570428660554,97.968,18.456513110655894,1931.069328896284,4.712954678509861,4.2068219906257776,0.326874152479274,0.1030125095736533,0.0,0.0625478682665305
Marlborough,0.0,6.787844982309579,-0.2555106900872301,-2.55373847771232,-1.657946267386506,-1.975660626937162,-2.8820631047571474,-1.7905682838579018,4.647003602023344,97.694,20.11132964372806,1950.8278935185183,3.3461180115204137,2.2383666153451083,0.2680701108942561,2.359183252552336,0.0,0.0834278642879241
Marshfield,0.0,5.225746673713202,-0.0162605208717802,-4.532599493153256,-1.5621850275835547,-1.824549292051046,-5.7745515455444085,-1.497885426528353,4.855662192406821,96.139,20.403952331698903,1960.4965388986463,3.724219903604169,3.157043922295145,0.1218159364372175,2.5,0.0,0.1543236485903957
Maynard,82.09067974378667,6.306275286948016,-0.0524464753725425,-3.4730619428917997,-1.5104847413512743,-2.086767581771909,-3.585709519835929,-2.4275051339655733,4.653818889076346,95.38,18.728265546821323,1943.847350047604,3.7844531983396568,3.1454229012224078,0.1735322594481983,0.0044483985765124,0.0,0.0516014234875444
Medfield,0.0,6.561030665896573,-0.0748698769524837,-3.788441943656792,-0.9370131597092344,-3.159833284234417,-6.690842277418564,-0.9131899541959068,5.020372147983599,97.887,19.76474622937292,1964.6660341555976,3.118628667198172,2.481131283283099,0.0833396970721967,2.5129047395588926,0.3040356640075082,0.9870952604411076
Medford,53.14867724715639,6.084499413075172,-0.0707842570323696,-3.887274835738952,-1.4595265997909004,-1.850392908477912,-3.058430867769555,-1.4788459184851357,4.846649216963484,98.635,18.830659673581646,1924.664621370847,4.999091979088282,4.091144084129259,0.7281236586794654,2.6410973084886127,0.0,0.0699102829537612
Medway,0.0,6.944087208229528,-0.0719591068905414,-3.853044754871212,-1.091884728455053,-2.9928434896481,-4.237207282275508,-0.9985288301111273,4.999537438697385,95.957,19.512320514896096,1951.28452722962,3.3594483599983733,-1.9159449895344305,0.0741684227697173,0.0584250635055038,0.0,0.1168501270110076
Melrose,28.866456779084917,5.796057750765372,-0.1158851417483046,-4.186619838331271,-1.452252328911688,-2.1851398381211475,-2.6430177308313554,-2.2907971372420035,4.691083820364405,99.097,18.546710522516303,1923.478344685773,4.702820430228767,4.05796719543777,0.5141357552237107,2.652972651605232,0.1065695600475624,0.126872770511296
Middleton,23.787179561802763,6.693323668269949,-0.0482326987643048,-3.860110324213733,-1.2816776164149088,-2.311297033596067,-4.630237962717172,-1.525306397198189,4.820620701818597,88.647,19.744892009756644,1972.838402178847,3.029844117007345,2.3863446323684814,0.0617101296014839,0.0,0.0,0.1628676470588235
Milford,87.22193338210323,6.858565034791365,-0.1852670670237113,-2.2942168433235293,-1.4075265812256648,-1.8087090275418285,-4.438721978350427,-2.366249105986684,4.684798558480656,94.047,19.741878292467508,1951.6371878923144,3.4534366330910427,2.357776039631439,0.1589340820611593,3.054710500490677,0.1723503434739941,0.1140824337585868
Millis,88.90747000687679,6.107022887742255,-0.0316768566535702,-4.497584975308154,-1.3363382632765894,-2.194999882314108,-4.340803918849927,-1.7017465892346686,4.821489958844174,96.427,19.581961307777195,1963.645824763472,2.850984034725456,1.8042016089381216,0.123991647034684,2.5,0.0,0.1613116926134481
Milton,98.11171771719133,6.720220155135295,-0.0935024058862702,-2.7312361085710206,-1.510734002293874,-1.0031924537290733,-7.087573705557973,-1.3037485232282358,4.679549860357858,99.186,19.614343722736653,1936.2260324483773,4.597710039676692,3.876030489893569,0.2268487450257113,0.0009342520144809,0.0175172252715169,0.0488146677566273
Nahant,100.0,4.430816798843313,-0.0613689463762921,-2.639057329615259,-1.791759469228055,-1.9459101490553132,-3.131136910560194,-1.3393774413321389,4.583332594819866,95.824,17.091232146091514,1930.577620173365,4.896705803608905,4.2680199729774,0.312608250846777,2.5,0.0081421169504071,0.0540340488527017
Natick,92.66284606851576,6.694562058521095,-0.2425131040838694,-2.9809899918167875,-1.882377703148678,-2.079441541679836,-3.755870322930215,-1.5714254722403942,4.824330771250232,98.633,19.7469905260588,1949.944780868316,3.968789610457913,3.3222736530114223,0.0166688967235088,2.594304137560451,0.0,0.9711624574601468
Needham,85.00465651630445,6.483107351457199,-0.1269996907613074,-3.710518629217417,-1.2846103201913728,-2.0057705369789924,-3.1710851610318525,-0.6125666939006059,5.073871546827327,96.303,19.55455496621755,1959.7531169268784,4.399618048090447,3.712867228964268,0.1142564855674308,2.509523809523809,0.2445548654244305,0.7685300207039337
Newton,77.16804746863193,6.803505257608338,-0.351456303171112,-2.159114358466965,-1.594019104766917,-1.583149432530013,-2.96010509591084,-1.2174483396905167,4.795159353932147,98.258,19.83327615162965,1932.954369290394,4.918335287710989,4.286148808160688,0.5304185620377571,1.8877815340036,0.4455042367300347,0.547086973701541
Norfolk,0.0,5.7430031878094825,-0.0392207131532812,-4.133565275375382,-1.024504316514388,-3.0349529867072724,-4.331928797691105,-1.2533605185579646,4.85396283011863,98.164,19.83167454271532,1975.3056673892845,2.632597320776686,1.6952473229430374,0.0969326700081418,0.0137326706774784,0.0,0.1263405702328014
North Reading,1.1413217565997076,6.976348070447749,-0.0409776244326383,-4.268297869345538,-1.2826159316450492,-2.222757879341384,-4.453663067694484,-1.3842430783493334,4.878125648487458,94.734,19.66006564229445,1967.0538550057536,3.1969055655651784,2.646427583134784,0.0550010473543935,2.5,0.0,0.0
Norwell,0.0,6.113682179832232,-0.0406376457318262,-5.015069891164122,-1.1864284946750263,-1.9705474534406984,-6.796823718274855,-0.8487887290942094,4.932431870784644,99.496,20.117233381681054,1957.2808333333328,2.676538698928153,1.8122353853584103,0.1043612888550547,2.5,0.0,0.1395455588707826
Norwood,57.157367900729824,6.551080335043404,-0.0911758806658699,-2.967561396587295,-1.3361445774344192,-1.7635885922613588,-2.20421761282719,-2.856121834853086,4.522844098877271,98.297,19.3389950323924,1945.4238185768604,3.9904213993408937,3.078205807426108,0.3494125233988757,0.0,0.0363002196098695,0.0669164190673039
Peabody,89.06555989639082,6.787844982309579,-0.0402584554802637,-3.792112708755589,-1.7379889750600424,-1.3987732524930787,-2.835883572612095,-2.1314368367982164,4.637463864494479,98.653,19.7584676378896,1949.5885145124892,4.079201288572006,3.1324603795240327,0.0188262578432156,0.0640461593941579,0.7593725207356651,0.9886043995672557
Pembroke,96.39956331234076,6.855408798609928,-0.0386729180149593,-3.859676525055937,-1.318074531591391,-2.524675458323597,-4.365073392297914,-1.5078107930090283,4.792486557840285,95.587,20.16059582138718,1964.7632909185984,2.9616891705002253,2.336750795309739,0.0627516329043272,2.5,0.0,0.0915830115830115
Quincy,40.97681956939394,6.499787040655854,-0.1247622208277577,-2.738586924962292,-2.182298927119544,-1.0748370231744515,-3.4263979952794537,-1.998032420238876,4.612454719495945,97.969,19.863544809029275,1928.4381629028169,4.643516978574282,3.7456442924968254,0.6152104538242402,2.885800823842985,0.4578265083595832,0.1897746547128664
Randolph,97.78132848983302,6.860663671448287,-1.0986122886681098,-0.7121953755306398,-1.457986289576007,-2.151133470135953,-3.581035699037503,-3.1520400935191444,4.509624944096725,98.62,19.234952863240505,1954.8153622486068,3.696564516475545,2.8701840654987216,0.2433463092600897,0.0,0.0,0.0608666138703473
Reading,97.86645590784234,5.556828061699537,-0.1586653601817849,-3.947390149265437,-1.2260947214132063,-2.1556306800373823,-3.232532151315686,-1.268922425160972,4.779086247176583,96.815,19.323124518093703,1947.6497119572853,4.0320851343880975,3.423593499460494,0.1623066815404075,0.0019432568985619,0.0072548257546314,0.0777302759424796
Revere,2.8137978541388304,5.278114659230517,-0.4029173360293656,-1.4714521694601974,-1.540445040947149,-1.9459101490553132,-2.104330830443523,-2.360264204580724,4.633788752361076,95.648,18.67343699580691,1941.9954621682944,4.697297002269298,3.699841053839629,0.4427466893678795,2.760492626802787,0.8841759844433641,0.901231567006968
Rockland,54.17798457380641,7.010311867307229,-0.0827539610289123,-3.1184915691966024,-1.7580384392605992,-1.898324078950686,-3.2775006682157244,-3.258808535203572,4.620302389658295,91.773,19.37564520224489,1940.8533950617284,3.459884897102209,2.613001759761338,0.137438323297143,2.645753479927376,0.0,0.0004034698406294
Rockport,73.2090725946021,6.529418838262226,-0.0821129757210121,-2.945899899806115,-1.4542450230283983,-1.8850279391208529,-3.5830137603700947,-3.4159596757069286,4.450973161979442,88.987,19.051520082201232,1930.7091945830364,4.123049658998485,3.3851809044039185,0.2491819506995637,2.5,0.0,0.1484703059388122
Salem,69.13552273514968,7.484930283289661,-0.1331304142318851,-2.508196540869087,-2.1096518756054965,-1.327951297704106,-3.1299134550200107,-3.2132950639590616,4.411567602300901,90.599,19.14474141164117,1916.2154233025983,4.794073414452202,3.4618297078631683,0.7261258356711021,2.6577450652392103,0.0,0.0635664101706256
Saugus,0.0,6.364750756851911,-0.1342693092734293,-3.725693427236653,-1.8321512636986552,-1.9703016021794728,-6.675823221634848,-2.2331719651445314,4.479615552270161,91.927,19.438480729049424,1947.5561904761903,4.049381178026375,3.350939429221257,0.1859099726233391,2.9777653003930378,0.0,0.1108366086468276
Scituate,0.0,5.476463551931511,-0.0340458414097171,-4.09016919081162,-1.584643253820884,-1.6478221554424155,-3.743604353803183,-1.0580270085530314,4.865670446111785,97.753,19.857789943138226,1951.2005781938328,4.018390758181112,3.417960790126579,0.1547454701554803,3.0,0.0,0.0005925574780753
Sharon,98.4283190307621,5.733341276897746,-0.1649967731366485,-3.3354460040993748,-1.1586302983943626,-2.2069807522815843,-3.589672804030488,-1.1078573468121609,4.905168499152817,98.9,20.21829819131086,1962.142702312139,3.1645469068869025,2.59717149601623,0.1378608224962391,0.0950163018164881,0.0,0.1172178233193603
Sherborn,99.86852084816752,6.013715156042802,-0.0761789509603754,-3.615819883244431,-1.243030531577137,-1.582898357199488,-3.0889423475811992,-0.9443615037304018,4.970670030809524,96.436,19.89456773334272,1953.8198074277852,2.092943782442383,1.3996521866988774,0.0301167999806571,0.0,0.0,0.2241653418124006
Somerville,0.0,0.0,0.0,0.0,0.0,0.0,-3.0626717562291,-1.8899514954072687,4.61272282034303,98.509,18.251302137346336,1909.805177220231,5.866550783865891,4.922823457201057,1.3214399452654988,2.765169668392981,1.9653319935069955,0.8665842158151039
Southborough,0.0,5.752572638825633,-0.169076330043934,-3.555348061489413,-1.1882244473577968,-2.256065077359153,-3.871201010907891,-0.8754687373538999,4.974518217388296,96.912,19.806873110412624,1967.9517961314093,3.032574974629606,2.144600678440162,0.0703360501006181,2.534143049932524,0.324914979757085,0.988663967611336
Stoneham,0.0,6.870053411798126,-0.0867282111941656,-3.4043175089983992,-1.419014958232425,-1.979704283576372,-2.940483799323512,-1.3876162383778063,4.7421677865891,97.798,18.686142208896342,1945.2325780981805,4.195694984246165,3.451605183771934,0.3568229745288599,0.0,0.0,0.0326550705612077
Stoughton,87.65135487397838,7.051855622955894,-0.3196449164886877,-1.8757058903820647,-1.3854289348434616,-1.958105422149132,-3.1886563393072103,-2.315127466771137,4.600019647111346,88.198,19.845519636268065,1959.989867717422,3.293104477161944,2.3953559938410454,0.1079777255196357,0.0,0.0,0.156475458308693
Stow,0.0345961613154492,6.2878585601617845,-0.0752524644102657,-3.722909202700248,-1.2002622249294002,-2.160724175116693,-3.3860505659021696,-1.2776214873490814,4.797735009785101,97.299,19.971083882655392,1964.05943738657,2.7213181840670457,2.0361266549048604,0.1018367744992465,3.0,0.0002358490566037,0.1293238993710692
Sudbury,99.78001229914196,6.246106765481563,-0.2496546768625416,-2.314281132757237,-1.2973468751033943,-1.5365765641692286,-3.1453614686624034,-1.0250979324623124,4.935755303824024,97.35,20.2952010611289,1967.9532560214093,2.8350091741843606,2.176095084735973,0.0600944281747502,0.008887171561051,0.0,0.126275115919629
Swampscott,77.84996661125881,6.874198495453294,-0.0662635517533681,-3.1606264287489867,-2.309850303985458,-0.7321610898659381,-3.49578580033807,-2.733645748291174,4.465665644129622,95.734,18.097387189727183,1932.1706404862084,4.459544649563438,3.5080427853526173,0.2983774827739134,2.5188334050796386,0.0,0.0647869134739561
Topsfield,98.9609131510746,5.3612921657094255,-0.0382821865710169,-5.3612921657094255,-1.1716374236829996,-1.834931641093264,-7.029087564149662,-1.2989877811760877,4.865945511686872,96.375,19.63525362649744,1956.1027992277996,2.8236098460239587,2.1174744603380216,0.0571016474884892,2.5051238257899238,0.2521349274124679,0.9722459436379164
Wakefield,1.357756627303077,6.926577033222725,-0.0806971579586752,-3.4608411304229985,-1.537505303406224,-2.122555988489468,-2.665603510854953,-2.134211609507485,4.646859680649863,98.008,18.982087062424032,1940.9095145631068,4.256528950303474,3.477742965430876,0.2202456466770963,2.6362505921364283,0.0752013263855992,0.1172430127901468
Walpole,90.51544378460504,6.876264611890766,-0.0378594110434223,-4.103675889650985,-1.2237754316221157,-1.5009862042066011,-3.9771295470297257,-1.1140632398238288,4.78964721949522,83.266,20.10243629728623,1962.7323081304287,3.1640863996420725,2.4114220826375865,0.1743522005969441,0.0,0.0,0.0743030150119843
Waltham,76.07927938462052,6.919683849847411,-0.351605938435435,-1.876258732928164,-1.8892459284549756,-1.795719870444152,-2.445773652085852,-1.924476728452566,4.668167658685927,92.308,19.6065434078423,1943.0390118116784,4.677676149261311,3.8754286921504506,0.3321245744921778,2.59488423028786,0.0222348247809762,0.0515488110137672
Watertown,25.283048284438078,6.9167150203536085,-0.0634159271675306,-3.9722760411871687,-2.0415176971524573,-1.729329214512854,-4.980176086611547,-1.3491906109165137,4.8393846332736725,89.078,18.33538357822688,1928.714199849737,5.084963395422826,4.309366761599933,0.4455814921453858,0.0,0.3887925969447708,0.4036427732079906
Wayland,0.0,5.666426688112432,-0.0388055744217951,-3.586985146432596,-1.2005185694578484,-1.882237054194171,-4.622791787337911,-0.5284472251158101,5.095274399850662,99.142,19.83815085456225,1955.0155308298563,3.236646296313236,2.5623625294132277,0.1545091106454303,0.0154823342596268,0.0,0.0075426756649464
Wellesley,84.00422668914969,6.982862751468942,-0.177140198051957,-2.8239796681092706,-1.7150045924056143,-1.2560150038817453,-3.377099830083095,-0.7976047616191795,4.975272493354853,98.581,19.38305776713775,1951.368476265408,4.591874979837987,4.080395435021033,0.3897774723675092,2.99970312314452,0.0108716304476902,0.0147250920318251
Wenham,100.0,5.14166355650266,-0.0176995770994009,-4.04305126783455,-1.3804634408090974,-2.308450212446444,-6.568077911411976,-1.505482878385009,4.816656746995914,97.671,19.14465557559861,1948.1709470304977,2.990131826102019,2.4297211016816376,0.0702518596308089,3.0,0.0,0.1399607586657946
Weston,99.20561080493847,5.568344503761097,-0.156698451906057,-3.0033951462995603,-1.2245390819074131,-1.9047828576314505,-3.418223331252082,-0.6589808509651954,4.957107283879437,99.333,19.902627089601616,1959.6863079988611,3.33658902216753,2.77065112757373,0.1265108167288106,0.0,0.0003130975143403,0.1042065009560229
Westwood,0.0,5.780743515792329,-0.1531224021016922,-3.9889840465642745,-0.8754687373538999,-2.7362210780689065,-3.767639287974584,-0.9744312785320666,4.917740788886432,99.65,19.46003338912886,1959.1898355754856,3.586756155827016,2.809245589099099,0.2099198197568201,0.0,0.0,0.0490430622009569
Weymouth,80.61515388013447,6.860663671448287,-0.1404435163129915,-3.19710202531864,-1.1977031913123406,-2.372027301716147,-6.680854678790215,-1.212794537655084,4.865324268868199,97.072,19.84322381799216,1941.490247432628,3.8666178818063104,2.923721343067458,0.1603343223661067,2.528924317852417,0.0103661226290251,0.0836851723486042
Wilmington,0.0,5.75890177387728,-0.0855785067057881,-3.2739951240892804,-1.316250517386964,-2.3916059438908066,-3.044522437723423,-1.059696872418436,4.835808758137352,96.999,19.83653328181225,1969.9069353070176,3.3404632496503446,2.499136188650276,0.0905056479592141,2.4831486347537988,0.0,0.1580029704101451
Winchester,79.8977493230552,5.739792912179234,-0.1600630861930118,-3.2548862623912336,-1.535100292788268,-1.2971416556889177,-4.433944733830274,-1.2171763913016382,4.931298954965921,96.265,18.723456901354048,1942.3216456287985,4.676503652537798,3.996874097653222,0.269794556361195,2.5155195681511477,0.0308142150247413,0.0508322087269455
Winthrop,0.0,4.477336814478207,-0.0229895182246987,-3.378724525810097,-2.3978952727983707,-2.3978952727983707,-3.2036493775369093,-3.3993939546630045,3.997388192297224,98.059,17.848846801493718,1916.8957732949088,4.918772468458337,4.144550956839064,0.7772999754833838,0.0,0.0,0.0522404863769421
Woburn,62.58050302928236,6.821107472256465,-0.0996817714658212,-3.563010934234983,-1.6281506213662544,-1.3657863568987634,-3.44056377184971,-1.739956472277316,4.76990010383623,97.38,19.542558923779023,1948.179047814488,4.040952452694321,3.248248557074922,0.3075456996741221,0.0500719424460431,0.0,0.0614868105515587
Wrentham,0.0,4.820281565605037,-0.0581076308072806,-3.721669276936927,-1.6847873496758872,-1.987068221548821,-3.2694661695417806,-0.9970616936977262,4.9338964504946485,97.647,20.137482612324032,1970.1963288108536,2.788645303455936,2.132314766576164,0.124589353350862,2.5,0.6300000000000001,0.9610967893133348
